{
  "dir": "/Network/Servers/macsent1.uchc.edu/Volumes/raid/mattf/Desktop/matt_samp3",
  "groups": {},
  "keyvals": {},
  "notes": [],
  "path": "/Network/Servers/macsent1.uchc.edu/Volumes/raid/mattf/Desktop/matt_samp3/Projects/assign.proj",
  "spectra": {
    "cconh_tocsy": {
      "data_size": [
        256,
        512,
        256
      ],
      "dims": 3,
      "hz_per_ppm": [
        60.700000762939446,
        599.08001708984375,
        150.63999938964844
      ],
      "keyvals": {},
      "name": "cconh_tocsy",
      "noise": 0.38328299999999998,
      "nuclei": [
        "15N",
        "1H",
        "13C"
      ],
      "peaks": [],
      "region": [
        [
          99.670121935426053,
          4.8069236905184525,
          10.259809760459063
        ],
        [
          130.43908005363278,
          12.352083215005003,
          78.005876347691697
        ]
      ],
      "sw": [
        30.889620699062434,
        7.5599250030080505,
        68.011737436594331
      ],
      "type": "spectrum"
    },
    "hbhaconh": {
      "data_size": [
        128,
        512,
        256
      ],
      "dims": 3,
      "hz_per_ppm": [
        60.709999084472656,
        599.09002685546875,
        599.09002685546875
      ],
      "keyvals": {},
      "name": "hbhaconh",
      "noise": 0.33824500000000002,
      "nuclei": [
        "15N",
        "1H",
        "1H"
      ],
      "peaks": [],
      "region": [
        [
          99.780439005594374,
          4.8093797506418046,
          -0.19647295871948067
        ],
        [
          130.42368707930103,
          12.354413208468825,
          9.7795944636845533
        ]
      ],
      "sw": [
        30.884533491609865,
        7.5597986896427294,
        10.01518925543307
      ],
      "type": "spectrum"
    },
    "hcconh_tocsy": {
      "data_size": [
        256,
        512,
        256
      ],
      "dims": 3,
      "hz_per_ppm": [
        60.700000762939446,
        599.08001708984375,
        599.08001708984375
      ],
      "keyvals": {},
      "name": "hcconh_tocsy",
      "noise": 0.25564799999999999,
      "nuclei": [
        "15N",
        "1H",
        "1H"
      ],
      "peaks": [],
      "region": [
        [
          99.67928993542607,
          4.8109946905184522,
          -0.99152585814541006
        ],
        [
          130.4482480536328,
          12.356154215005002,
          10.580905707303199
        ]
      ],
      "sw": [
        30.889620699062434,
        7.5599250030080505,
        11.617813650018995
      ],
      "type": "spectrum"
    },
    "hncacb": {
      "data_size": [
        128,
        1024,
        256
      ],
      "dims": 3,
      "hz_per_ppm": [
        81.050003051757812,
        799.75,
        201.1000061035156
      ],
      "keyvals": {},
      "name": "hncacb",
      "noise": 0.24015300000000001,
      "nuclei": [
        "15N",
        "1H",
        "13C"
      ],
      "peaks": [],
      "region": [
        [
          99.815408985308807,
          4.7799668218166094,
          6.4372359525437162
        ],
        [
          130.41958735179196,
          12.912560869880526,
          86.085107727123372
        ]
      ],
      "sw": [
        30.845156148896407,
        8.1405437978665205,
        79.960216369774088
      ],
      "type": "spectrum"
    },
    "hnco": {
      "data_size": [
        256,
        512,
        256
      ],
      "dims": 3,
      "hz_per_ppm": [
        60.709999084472656,
        599.09002685546875,
        150.66999816894528
      ],
      "keyvals": {},
      "name": "hnco",
      "noise": 0.112459,
      "nuclei": [
        "15N",
        "1H",
        "13C"
      ],
      "peaks": [],
      "region": [
        [
          99.684380296642772,
          4.8114617506418043,
          170.54311339342834
        ],
        [
          130.44827107930104,
          12.356495208468825,
          181.49985421764703
        ]
      ],
      "sw": [
        30.884533491609865,
        7.5597986896427294,
        10.999708435294055
      ],
      "type": "spectrum"
    },
    "nhsqc": {
      "data_size": [
        2048,
        2048
      ],
      "dims": 2,
      "hz_per_ppm": [
        81.046798706054673,
        799.74871826171875
      ],
      "keyvals": {},
      "name": "nhsqc",
      "noise": 0.17607,
      "nuclei": [
        "15N",
        "1H"
      ],
      "peaks": [],
      "region": [
        [
          99.590866790176193,
          4.7759739858658214
        ],
        [
          130.42218075653926,
          12.912555949116856
        ]
      ],
      "sw": [
        30.846375673234764,
        8.1405568445227736
      ],
      "type": "spectrum"
    }
  },
  "type": "project"
}